{
    "0": -1.0,
    "0.25": 0.08771929824561403,
    "0.3": 0.15,
    "0.4": 0.21951219512195122,
    "0.5": 0.2926829268292683,
    "0.6": 0.39473684210526316,
    "0.75": 0.575,
    "0.9": 0.8181818181818182,
    "1": 1.0
}