{
    "0": -1.0,
    "0.25": 0.0,
    "0.3": 0.12195121951219512,
    "0.4": 0.19230769230769232,
    "0.5": 0.25,
    "0.6": 0.3333333333333333,
    "0.75": 0.5116279069767442,
    "0.9": 0.7446808510638298,
    "1": 1.0
}