{
    "0": -1.0,
    "0.25": 0.0967741935483871,
    "0.3": 0.16279069767441862,
    "0.4": 0.225,
    "0.5": 0.2926829268292683,
    "0.6": 0.375,
    "0.75": 0.5365853658536586,
    "0.9": 0.7735849056603774,
    "1": 1.0
}