{
    "Track01887": 1.0,
    "Track01899": 1.0,
    "Track01903": 1.0,
    "Track01931": 1.0,
    "Track01962": 1.0,
    "Track01974": 1.0,
    "Track01977": 1.0,
    "Track01998": 1.0,
    "Track02017": 1.0,
    "Track02044": 1.0,
    "Track02052": 1.0,
    "Track02094": 1.0,
    "Track02096": 1.0,
    "Track02013": 0.9957264957264957,
    "Track01972": 0.9945652173913043,
    "Track02047": 0.9941176470588236,
    "Track01880": 0.9938650306748467,
    "Track02018": 0.9934640522875817,
    "Track02031": 0.9932432432432432,
    "Track01943": 0.9927536231884058,
    "Track01913": 0.9918032786885246,
    "Track02030": 0.9918032786885246,
    "Track01995": 0.9915966386554622,
    "Track01956": 0.9910714285714286,
    "Track02050": 0.9910714285714286,
    "Track02019": 0.9907407407407407,
    "Track02081": 0.9906542056074766,
    "Track01881": 0.9904761904761905,
    "Track01884": 0.9903846153846154,
    "Track01892": 0.9903846153846154,
    "Track01993": 0.9903846153846154,
    "Track02036": 0.9903846153846154,
    "Track02026": 0.99,
    "Track01888": 0.9897959183673469,
    "Track01893": 0.9897959183673469,
    "Track02062": 0.9897959183673469,
    "Track01908": 0.9893617021276596,
    "Track02008": 0.989247311827957,
    "Track01994": 0.9886363636363636,
    "Track01886": 0.9885057471264368,
    "Track01954": 0.9885057471264368,
    "Track01981": 0.9885057471264368,
    "Track02029": 0.9885057471264368,
    "Track02079": 0.9885057471264368,
    "Track02056": 0.9878048780487805,
    "Track01982": 0.9868421052631579,
    "Track02038": 0.9867549668874173,
    "Track02054": 0.9866666666666667,
    "Track01895": 0.9855072463768116,
    "Track01968": 0.9855072463768116,
    "Track01963": 0.9826589595375722,
    "Track01997": 0.9823008849557522,
    "Track01965": 0.9818181818181818,
    "Track02045": 0.9814814814814815,
    "Track02093": 0.9809523809523809,
    "Track02083": 0.9807692307692307,
    "Track02074": 0.9798657718120806,
    "Track01955": 0.9795918367346939,
    "Track01927": 0.9791666666666666,
    "Track01925": 0.9759036144578314,
    "Track01936": 0.9758064516129032,
    "Track01989": 0.9753086419753086,
    "Track01948": 0.972972972972973,
    "Track01937": 0.9722222222222222,
    "Track02082": 0.971830985915493,
    "Track01928": 0.9714285714285714,
    "Track01952": 0.9714285714285714,
    "Track01959": 0.9696969696969697,
    "Track02037": 0.9696969696969697,
    "Track02069": 0.9695121951219512,
    "Track01929": 0.9680851063829787,
    "Track01947": 0.9647058823529412,
    "Track01882": 0.9591836734693877,
    "Track01906": 0.952755905511811,
    "Track01949": 0.9519230769230769,
    "Track01917": 0.9493670886075949,
    "Track02023": 0.9470198675496688,
    "Track01876": 0.946236559139785,
    "Track01935": 0.9428571428571428,
    "Track01883": 0.9423076923076923,
    "Track02014": 0.9418604651162791,
    "Track02010": 0.9415584415584416,
    "Track01951": 0.9351851851851852,
    "Track02053": 0.9323308270676691,
    "Track01889": 0.9304347826086956,
    "Track02090": 0.9304347826086956,
    "Track02042": 0.926829268292683,
    "Track01911": 0.925,
    "Track01878": 0.9146341463414634,
    "Track02016": 0.9130434782608695,
    "Track01975": 0.9101123595505618,
    "Track01877": 0.9083333333333333,
    "Track01976": 0.9042553191489362,
    "Track01920": 0.9,
    "Track01905": 0.8981481481481481,
    "Track02032": 0.891566265060241,
    "Track01961": 0.89,
    "Track01987": 0.8873239436619719,
    "Track01950": 0.883495145631068,
    "Track02007": 0.8771929824561403,
    "Track01930": 0.8673469387755102,
    "Track02000": 0.8617021276595744,
    "Track01985": 0.8306451612903226,
    "Track02095": 0.8205128205128205,
    "Track02020": 0.82,
    "Track01918": 0.8166666666666667,
    "Track02088": 0.8055555555555556,
    "Track01978": 0.7852760736196319,
    "Track01902": 0.7647058823529411,
    "Track02067": 0.7580645161290323,
    "Track01967": 0.7526881720430108,
    "Track01960": 0.7464788732394366,
    "Track02064": 0.7421875,
    "Track02040": 0.6739130434782609,
    "Track01901": 0.6515151515151515,
    "Track01904": 0.6174496644295302,
    "Track02002": 0.6055045871559633,
    "Track01896": 0.52,
    "Track01934": 0.4852941176470588
}