{
    "10": 169.2,
    "20": 467.8000000000001,
    "30": 713.0,
    "40": 1094.6,
    "50": 1750.0,
    "60": 3082.0,
    "70": 5166.5999999999985,
    "80": 8602.600000000002,
    "90": 21588.600000000002,
    "95": 36402.19999999997,
    "99": 75261.35999999999
}